{"stats":{"minecraft:picked_up":{"minecraft:crafting_table":3,"minecraft:feather":7,"minecraft:chicken":5,"minecraft:andesite":18,"irons_spellbooks:tarnished_helmet":1,"minecraft:lead":2,"minecraft:stone_slab":1,"vinery:cherry_log":5,"paraglider:spirit_orb":4,"create:raw_zinc":17,"minecraft:waxed_copper_block":2,"supplementaries:flax_seeds":7,"minecraft:lapis_lazuli":16,"forbidden_arcanus:xpetrified_orb":5,"minecraft:dirt":8,"minecraft:string":4,"minecraft:raw_copper":49,"minecraft:red_candle":3,"upgrade_aquatic:river_sapling":1,"minecraft:bone":7,"irons_spellbooks:arcane_essence":4,"minecraft:wheat_seeds":2,"upgrade_aquatic:river_log":4,"minecraft:beef":8,"upgrade_aquatic:mulberry":1,"minecraft:egg":6,"minecraft:furnace":1,"minecraft:stick":2,"minecraft:raw_iron":37,"minecraft:emerald_block":1,"minecraft:pumpkin":5,"minecraft:torch":5,"minecraft:porkchop":31,"minecraft:diorite":8,"tombstone:grave_dust":4,"minecraft:carrot":1,"minecraft:redstone":71,"forbidden_arcanus:arcane_crystal":4,"minecraft:arrow":6,"minecraft:rotten_flesh":29,"supplementaries:antique_ink":3,"supplementaries:ash":21,"minecraft:skeleton_skull":3,"minecraft:black_wool":1,"minecraft:mutton":14,"minecraft:coal":76,"minecraft:white_wool":7,"minecraft:cobblestone":124,"minecraft:sunflower":1},"minecraft:mined":{"create:zinc_ore":17,"upgrade_aquatic:river_log":4,"minecraft:crafting_table":3,"minecraft:torch":2,"minecraft:grass_block":2,"vinery:cherry_log":5,"minecraft:stone_slab":1,"minecraft:tall_grass":20,"minecraft:copper_ore":14,"minecraft:cobblestone":8,"minecraft:lapis_ore":3,"minecraft:red_candle":1,"minecraft:skeleton_skull":3,"minecraft:spawner":1,"minecraft:stone_stairs":1,"supplementaries:urn":7,"forbidden_arcanus:arcane_crystal_ore":3,"minecraft:redstone_ore":16,"forbidden_arcanus:deepslate_arcane_crystal_ore":1,"minecraft:furnace":1,"forbidden_arcanus:xpetrified_ore":5,"minecraft:iron_ore":35,"minecraft:fire":6,"minecraft:andesite":6,"minecraft:waxed_copper_block":2,"minecraft:pumpkin":5,"minecraft:grass":143,"minecraft:coal_ore":67,"minecraft:sunflower":4,"minecraft:dirt":2,"minecraft:cobweb":1,"minecraft:cracked_stone_bricks":1,"minecraft:stone_bricks":3,"minecraft:stone":95,"create:veridium":1,"minecraft:emerald_block":1},"minecraft:crafted":{"create_sa:copper_leggings":1,"minecraft:cooked_porkchop":8,"minecraft:crafting_table":2,"minecraft:wooden_pickaxe":1,"minecraft:iron_sword":1,"minecraft:furnace":2,"minecraft:copper_ingot":22,"upgrade_aquatic:river_planks":16,"vinery:cherry_planks":20,"create_sa:copper_helmet":1,"create_sa:copper_boots":1,"minecraft:iron_chestplate":1,"minecraft:iron_axe":1,"minecraft:stick":16,"minecraft:iron_ingot":17,"minecraft:iron_pickaxe":1,"minecraft:stone_pickaxe":1,"minecraft:wooden_axe":1,"minecraft:chest":1,"minecraft:torch":8},"minecraft:custom":{"minecraft:interact_with_furnace":23,"minecraft:mob_kills":77,"minecraft:interact_with_crafting_table":12,"minecraft:leave_game":3,"minecraft:time_since_death":10344,"minecraft:climb_one_cm":2441,"minecraft:time_since_rest":7945,"minecraft:sprint_one_cm":340015,"minecraft:damage_taken":1815,"minecraft:walk_one_cm":277871,"minecraft:damage_blocked_by_shield":130,"minecraft:drop":18,"minecraft:damage_dealt":12509,"minecraft:swim_one_cm":14886,"minecraft:talked_to_villager":5,"minecraft:fly_one_cm":549428,"minecraft:open_chest":17,"minecraft:crouch_one_cm":1000,"minecraft:play_time":115572,"tombstone:undead_killed":37,"minecraft:deaths":3,"minecraft:sneak_time":639,"minecraft:walk_under_water_one_cm":663,"tombstone:villager_killed":1,"minecraft:jump":2218,"minecraft:walk_on_water_one_cm":6207,"minecraft:total_world_time":115572,"minecraft:fall_one_cm":61253},"minecraft:broken":{"minecraft:stone_pickaxe":1,"minecraft:wooden_sword":1,"minecraft:wooden_axe":1,"minecraft:wooden_pickaxe":1},"minecraft:used":{"upgrade_aquatic:mulberry":1,"minecraft:stone_pickaxe":111,"minecraft:shield":6,"minecraft:chest":1,"minecraft:wooden_pickaxe":39,"minecraft:iron_sword":255,"minecraft:rotten_flesh":20,"minecraft:torch":9,"minecraft:dirt":8,"minecraft:crafting_table":4,"create_sa:copper_helmet":1,"minecraft:wooden_axe":31,"minecraft:string":1,"minecraft:iron_axe":1,"minecraft:bread":9,"minecraft:iron_pickaxe":189,"minecraft:wooden_sword":65,"minecraft:cobblestone":85,"minecraft:furnace":2,"minecraft:cooked_porkchop":8,"tombstone:gift":2,"alexsmobs:animal_dictionary":1},"minecraft:killed":{"vinery:wandering_winemaker":1,"minecraft:pig":15,"irons_spellbooks:summoned_zombie":6,"alexsmobs:skunk":1,"alexsmobs:raccoon":1,"minecraft:spider":1,"irons_spellbooks:necromancer":4,"minecraft:sheep":10,"minecraft:skeleton":3,"endermanoverhaul:cave_enderman":1,"alexsmobs:flutter":1,"minecraft:zombie":21,"minecraft:chicken":5,"alexsmobs:bison":1,"irons_spellbooks:summoned_skeleton":3},"minecraft:dropped":{"minecraft:iron_sword":1,"minecraft:rotten_flesh":13,"minecraft:feather":7,"minecraft:cobblestone":20,"minecraft:stone_slab":1,"minecraft:coal":4,"minecraft:stick":3,"supplementaries:flax_seeds":7,"minecraft:torch":2,"minecraft:diorite":8,"minecraft:andesite":18,"minecraft:string":1,"minecraft:black_wool":1,"minecraft:egg":6},"minecraft:killed_by":{"alexsmobs:centipede_head":1,"plenty_of_golems:ancient_of_prismarine":1,"alexsmobs:elephant":1}},"DataVersion":3465}