{"stats":{"minecraft:crafted":{"minecraft:oak_planks":36,"minecraft:furnace":3,"vinery:cherry_planks":20,"create_sa:copper_helmet":1,"minecraft:iron_axe":1,"minecraft:stone_pickaxe":1,"minecraft:chest":3,"create_sa:copper_leggings":1,"minecraft:cooked_porkchop":18,"minecraft:crafting_table":2,"minecraft:wooden_pickaxe":1,"minecraft:iron_sword":2,"minecraft:copper_ingot":22,"upgrade_aquatic:river_planks":16,"create_sa:copper_boots":1,"minecraft:iron_chestplate":1,"minecraft:stick":16,"minecraft:iron_ingot":17,"minecraft:iron_pickaxe":2,"minecraft:wooden_axe":1,"minecraft:white_bed":1,"minecraft:torch":8},"minecraft:broken":{"minecraft:wooden_pickaxe":1,"minecraft:stone_pickaxe":1,"minecraft:wooden_sword":1,"minecraft:wooden_axe":1},"minecraft:killed_by":{"alexsmobs:elephant":1,"alexsmobs:centipede_head":1,"plenty_of_golems:ancient_of_prismarine":1},"minecraft:used":{"minecraft:chest":3,"minecraft:shield":6,"minecraft:iron_sword":335,"minecraft:rotten_flesh":20,"minecraft:torch":9,"minecraft:dirt":8,"minecraft:wooden_axe":31,"minecraft:iron_axe":16,"minecraft:furnace":3,"tombstone:gift":2,"upgrade_aquatic:mulberry":1,"minecraft:stone_pickaxe":111,"minecraft:wooden_pickaxe":39,"minecraft:crafting_table":5,"minecraft:white_bed":1,"create_sa:copper_helmet":1,"minecraft:bread":9,"minecraft:string":1,"minecraft:iron_pickaxe":237,"minecraft:wooden_sword":65,"minecraft:cobblestone":88,"minecraft:cooked_porkchop":10,"alexsmobs:animal_dictionary":1},"minecraft:killed":{"minecraft:cave_spider":9,"irons_spellbooks:summoned_zombie":6,"alexsmobs:raccoon":1,"minecraft:spider":3,"minecraft:skeleton":3,"minecraft:chicken":5,"alexsmobs:bison":1,"irons_spellbooks:summoned_skeleton":3,"vinery:wandering_winemaker":1,"minecraft:pig":15,"alexsmobs:skunk":1,"irons_spellbooks:necromancer":4,"minecraft:sheep":10,"alexsmobs:flutter":1,"endermanoverhaul:cave_enderman":1,"minecraft:zombie":21},"minecraft:custom":{"minecraft:mob_kills":88,"minecraft:interact_with_crafting_table":18,"minecraft:leave_game":3,"minecraft:time_since_death":24035,"minecraft:climb_one_cm":2655,"minecraft:sprint_one_cm":363662,"minecraft:walk_one_cm":305523,"minecraft:damage_blocked_by_shield":130,"minecraft:drop":22,"minecraft:talked_to_villager":5,"minecraft:play_time":129263,"minecraft:deaths":3,"minecraft:sneak_time":644,"minecraft:walk_under_water_one_cm":3045,"minecraft:jump":2408,"minecraft:walk_on_water_one_cm":32556,"minecraft:total_world_time":129263,"minecraft:interact_with_furnace":28,"minecraft:time_since_rest":21636,"minecraft:damage_taken":1995,"minecraft:damage_dealt":13948,"minecraft:swim_one_cm":18847,"minecraft:fly_one_cm":581859,"minecraft:open_chest":28,"minecraft:crouch_one_cm":1000,"tombstone:undead_killed":37,"tombstone:villager_killed":1,"minecraft:fall_one_cm":65282},"minecraft:dropped":{"minecraft:iron_sword":1,"minecraft:feather":7,"minecraft:cobblestone":20,"minecraft:coal":4,"minecraft:stick":3,"minecraft:diorite":8,"minecraft:torch":2,"tombstone:grave_dust":4,"minecraft:string":1,"minecraft:bone":7,"minecraft:rotten_flesh":13,"minecraft:stone_slab":1,"supplementaries:ash":7,"supplementaries:flax_seeds":7,"minecraft:potato":1,"minecraft:andesite":18,"minecraft:black_wool":1,"minecraft:egg":6},"minecraft:mined":{"create:zinc_ore":17,"upgrade_aquatic:river_log":4,"minecraft:grass_block":3,"minecraft:spawner":3,"forbidden_arcanus:arcane_crystal_ore":3,"minecraft:redstone_ore":16,"forbidden_arcanus:deepslate_arcane_crystal_ore":1,"minecraft:furnace":1,"minecraft:iron_ore":35,"minecraft:fire":6,"minecraft:andesite":7,"minecraft:pumpkin":5,"crittersandcompanions:silk_cocoon":1,"minecraft:stone":96,"create:veridium":1,"minecraft:white_wool":7,"minecraft:crafting_table":3,"minecraft:torch":2,"vinery:cherry_log":5,"minecraft:stone_slab":1,"minecraft:tall_grass":20,"minecraft:copper_ore":14,"minecraft:cobblestone":46,"minecraft:lapis_ore":3,"supplementaries:urn":7,"minecraft:skeleton_skull":3,"minecraft:stone_stairs":1,"minecraft:red_candle":1,"forbidden_arcanus:xpetrified_ore":5,"minecraft:waxed_copper_block":2,"minecraft:grass":147,"minecraft:coal_ore":67,"minecraft:oak_log":13,"minecraft:sunflower":4,"minecraft:gravel":1,"minecraft:dirt":2,"minecraft:cobweb":43,"minecraft:cracked_stone_bricks":1,"minecraft:stone_bricks":3,"minecraft:emerald_block":1,"minecraft:fern":1},"minecraft:picked_up":{"minecraft:crafting_table":3,"minecraft:chicken":5,"irons_spellbooks:tarnished_helmet":1,"minecraft:stone_slab":1,"minecraft:lead":2,"vinery:cherry_log":5,"forbidden_arcanus:xpetrified_orb":5,"minecraft:string":62,"minecraft:raw_copper":49,"minecraft:red_candle":3,"upgrade_aquatic:river_sapling":1,"irons_spellbooks:arcane_essence":4,"upgrade_aquatic:river_log":4,"delightful:acorn":3,"minecraft:beef":8,"minecraft:iron_nugget":2,"delightful:green_tea_leaf":2,"upgrade_aquatic:mulberry":1,"minecraft:egg":6,"minecraft:furnace":1,"minecraft:stick":9,"minecraft:raw_iron":37,"minecraft:torch":5,"minecraft:porkchop":31,"tombstone:grave_dust":8,"minecraft:diorite":8,"minecraft:carrot":1,"minecraft:redstone":71,"minecraft:arrow":6,"minecraft:rotten_flesh":29,"crittersandcompanions:silk":5,"supplementaries:antique_ink":3,"supplementaries:ash":28,"minecraft:mutton":14,"forbidden_arcanus:spawner_scrap":2,"minecraft:skeleton_skull":3,"minecraft:white_wool":14,"minecraft:cobblestone":163,"minecraft:feather":7,"minecraft:andesite":19,"minecraft:potato":1,"paraglider:spirit_orb":12,"create:raw_zinc":17,"minecraft:oak_log":13,"minecraft:waxed_copper_block":2,"supplementaries:flax_seeds":7,"minecraft:lapis_lazuli":16,"minecraft:dirt":9,"minecraft:bone":14,"minecraft:apple":1,"minecraft:wheat_seeds":3,"minecraft:rabbit_hide":3,"minecraft:emerald_block":1,"minecraft:pumpkin":5,"minecraft:gravel":5,"minecraft:spider_eye":4,"forbidden_arcanus:arcane_crystal":4,"minecraft:oak_sapling":6,"minecraft:black_wool":1,"minecraft:coal":76,"minecraft:ender_pearl":1,"minecraft:sunflower":1}},"DataVersion":3465}