{"stats":{"minecraft:crafted":{"minecraft:oak_planks":44,"minecraft:stone_shovel":1,"create_sa:copper_chestplate":1,"minecraft:furnace":2,"create_sa:copper_helmet":1,"create_sa:copper_shovel":1,"minecraft:stone_pickaxe":1,"minecraft:chest":2,"minecraft:dark_oak_planks":32,"create_sa:copper_pickaxe":3,"create_sa:copper_axe":1,"create_sa:copper_leggings":1,"minecraft:crafting_table":6,"minecraft:wooden_pickaxe":1,"minecraft:copper_ingot":144,"laendli_transport:ammunition_handguns":20,"minecraft:campfire":1,"minecraft:stone_axe":1,"minecraft:air":0,"minecraft:bread":5,"create_sa:copper_boots":1,"minecraft:raw_gold":18,"minecraft:stick":20,"minecraft:iron_ingot":56,"minecraft:iron_block":1,"minecraft:gold_ingot":18,"laendli_transport:ammunition_shotgun":72,"minecraft:white_bed":1,"forbidden_arcanus:aurum_planks":4,"minecraft:acacia_planks":36,"laendli_transport:shotgun":1,"minecraft:torch":52,"laendli_transport:pistol":1,"create:zinc_ingot":32},"minecraft:broken":{"create_sa:copper_pickaxe":2,"minecraft:stone_pickaxe":1,"minecraft:stone_shovel":1},"minecraft:used":{"plenty_of_golems:the_ancient_anchor":7,"minecraft:stone_shovel":141,"minecraft:chest":5,"minecraft:shield":11,"minecraft:iron_sword":97,"minecraft:rotten_flesh":1,"create_sa:copper_pickaxe":283,"minecraft:torch":16,"minecraft:dirt":54,"minecraft:mutton":16,"minecraft:prismarine_bricks":1,"minecraft:prismarine_brick_stairs":1,"minecraft:tuff":2,"minecraft:polished_diorite":1,"minecraft:dark_oak_planks":20,"minecraft:bamboo":15,"minecraft:magma_block":1,"minecraft:beef":1,"minecraft:oak_sapling":8,"minecraft:furnace":2,"minecraft:egg":1,"tombstone:gift":4,"minecraft:cooked_beef":9,"minecraft:potato":2,"minecraft:dark_prismarine_stairs":2,"minecraft:cooked_mutton":6,"minecraft:water_bucket":22,"minecraft:stone_pickaxe":136,"minecraft:wooden_pickaxe":6,"travelersbackpack:iron_golem":2,"aquaculture:tuna":1,"create_sa:copper_axe":8,"minecraft:crafting_table":6,"minecraft:white_bed":1,"minecraft:campfire":1,"minecraft:oak_log":3,"minecraft:apple":3,"minecraft:bread":26,"minecraft:polished_andesite_slab":1,"minecraft:stone_axe":143,"minecraft:wooden_sword":11,"create_sa:copper_shovel":24,"minecraft:cobblestone":51,"minecraft:bucket":27,"alexsmobs:animal_dictionary":2,"minecraft:stripped_oak_log":2,"forbidden_arcanus:aurum_planks":1,"delightful:acorn":3},"minecraft:killed":{"alexsmobs:raccoon":1,"minecraft:spider":2,"plenty_of_golems:ancient_of_prismarine":1,"minecraft:skeleton":3,"minecraft:zombie_villager":1,"crittersandcompanions:ferret":1,"aquaculture:tuna":1,"minecraft:sheep":15,"minecraft:zombie":4,"alexsmobs:crocodile":2,"laendli_transport:bock":1,"alexsmobs:fly":1,"minecraft:glow_squid":1,"minecraft:enderman":1,"minecraft:cow":4},"minecraft:custom":{"minecraft:mob_kills":39,"minecraft:interact_with_crafting_table":38,"minecraft:open_barrel":4,"minecraft:interact_with_campfire":15,"minecraft:leave_game":10,"minecraft:time_since_death":114236,"minecraft:climb_one_cm":4587,"minecraft:sprint_one_cm":655161,"minecraft:walk_one_cm":619976,"minecraft:damage_blocked_by_shield":315,"minecraft:drop":72,"minecraft:talked_to_villager":7,"minecraft:play_time":264691,"minecraft:sneak_time":12526,"minecraft:deaths":2,"minecraft:walk_under_water_one_cm":36030,"minecraft:jump":5384,"minecraft:walk_on_water_one_cm":47816,"minecraft:total_world_time":264691,"minecraft:interact_with_furnace":29,"minecraft:traded_with_villager":16,"minecraft:sleep_in_bed":7,"minecraft:time_since_rest":113414,"minecraft:damage_taken":1715,"tombstone:sneak_grave":1,"minecraft:damage_dealt":4984,"minecraft:swim_one_cm":52876,"minecraft:fly_one_cm":1989405,"minecraft:open_chest":113,"minecraft:crouch_one_cm":30757,"tombstone:undead_killed":8,"minecraft:fall_one_cm":174969},"minecraft:dropped":{"minecraft:golden_boots":1,"minecraft:wheat_seeds":40,"minecraft:crafting_table":3,"minecraft:cobblestone":1,"minecraft:apple":1,"minecraft:red_mushroom":1,"minecraft:stick":4,"minecraft:oxeye_daisy":4,"minecraft:dirt":33,"minecraft:diorite":3,"minecraft:cornflower":5,"minecraft:brown_wool":2,"delightful:acorn":3,"farmersdelight:onion":1,"minecraft:oak_stairs":1,"minecraft:wooden_sword":1,"minecraft:sunflower":3,"minecraft:string":5,"minecraft:white_wool":2,"delightful:salmonberries":1,"minecraft:stone_axe":1,"minecraft:rotten_flesh":8,"minecraft:oak_planks":2,"supplementaries:flax_seeds":1,"minecraft:allium":3,"laendli_transport:shotgun":1,"minecraft:melon_seeds":2,"pfm:furniture_book":2,"minecraft:arrow":2,"minecraft:wooden_pickaxe":1,"minecraft:stone_brick_stairs":1},"minecraft:mined":{"minecraft:dark_oak_planks":20,"create:zinc_ore":39,"minecraft:dark_prismarine_stairs":2,"minecraft:tuff":2,"minecraft:mossy_stone_brick_slab":2,"travelersbackpack:iron_golem":1,"minecraft:acacia_log":9,"minecraft:grass_block":167,"minecraft:polished_andesite_slab":5,"minecraft:polished_diorite":1,"minecraft:kelp":1,"minecraft:oxeye_daisy":1,"minecraft:magma_block":2,"forbidden_arcanus:aurum_planks":1,"minecraft:raw_gold_block":2,"minecraft:iron_ore":55,"minecraft:fire":2,"minecraft:andesite":2,"minecraft:gold_block":1,"minecraft:mossy_stone_brick_stairs":4,"minecraft:vine":1,"minecraft:oak_stairs":1,"crittersandcompanions:silk_cocoon":2,"minecraft:stripped_oak_log":4,"minecraft:bamboo":5,"minecraft:stone":136,"create:veridium":5,"minecraft:hanging_roots":1,"minecraft:kelp_plant":1,"minecraft:deepslate_tile_slab":3,"minecraft:stripped_dark_oak_log":9,"minecraft:cornflower":1,"minecraft:crafting_table":2,"vinery:cherry_log":5,"minecraft:chest":4,"minecraft:dead_bush":1,"minecraft:copper_ore":57,"minecraft:tall_grass":37,"minecraft:cobblestone":13,"minecraft:lapis_ore":4,"delightful:wild_salmonberries":1,"supplementaries:urn":2,"minecraft:prismarine_bricks":7,"minecraft:chain":2,"minecraft:dark_oak_slab":7,"forbidden_arcanus:aurum_log":10,"forbidden_arcanus:xpetrified_ore":1,"minecraft:stone_brick_stairs":1,"minecraft:prismarine_brick_stairs":1,"minecraft:grass":369,"minecraft:cracked_deepslate_tiles":1,"minecraft:oak_log":64,"minecraft:coal_ore":64,"minecraft:sunflower":2,"minecraft:dirt":29,"minecraft:cobweb":2,"minecraft:emerald_block":1,"minecraft:oak_leaves":6,"minecraft:fern":2},"minecraft:picked_up":{"minecraft:crafting_table":3,"minecraft:allium":3,"minecraft:prismarine_shard":2,"minecraft:oak_stairs":1,"vinery:cherry_log":5,"minecraft:gold_block":1,"minecraft:stone_brick_stairs":1,"minecraft:chain":2,"minecraft:cornflower":6,"forbidden_arcanus:xpetrified_orb":1,"minecraft:string":6,"minecraft:raw_copper":210,"vinery:cherry_sapling":2,"minecraft:gold_nugget":1,"minecraft:dark_prismarine_stairs":2,"delightful:acorn":6,"minecraft:beef":10,"vinery:cherry":1,"minecraft:iron_nugget":1,"alexsmobs:raccoon_tail":1,"delightful:green_tea_leaf":2,"minecraft:chest":4,"minecraft:egg":1,"minecraft:stick":16,"minecraft:raw_iron":56,"minecraft:raw_gold_block":2,"minecraft:acacia_log":9,"minecraft:diorite":3,"minecraft:prismarine_crystals":2,"alexsmobs:crocodile_scute":2,"minecraft:dark_oak_planks":20,"minecraft:arrow":2,"minecraft:rotten_flesh":4,"farmersdelight:onion":1,"crittersandcompanions:silk":5,"create:veridium":5,"minecraft:mutton":22,"minecraft:cobblestone":149,"minecraft:white_wool":12,"minecraft:cracked_deepslate_tiles":1,"minecraft:oxeye_daisy":4,"minecraft:stripped_oak_log":4,"minecraft:magma_block":2,"travelersbackpack:iron_golem":1,"plenty_of_golems:the_ancient_anchor":1,"minecraft:cooked_beef":9,"aquaculture:tuna":1,"minecraft:andesite":1,"minecraft:brown_wool":2,"minecraft:leather":4,"minecraft:red_mushroom":1,"forbidden_arcanus:aurum_log":10,"forbidden_arcanus:aurum_planks":1,"minecraft:tuff":2,"create:raw_zinc":39,"minecraft:oak_log":65,"minecraft:prismarine_bricks":4,"supplementaries:flax_seeds":3,"minecraft:lapis_lazuli":24,"minecraft:deepslate_tile_slab":3,"minecraft:dirt":262,"forbidden_arcanus:aurum_sapling":6,"minecraft:cooked_mutton":6,"forbidden_arcanus:arcane_crystal_dust_speck":2,"minecraft:bone":10,"minecraft:apple":3,"minecraft:wheat_seeds":125,"minecraft:bamboo":15,"minecraft:polished_andesite_slab":5,"minecraft:acacia_sapling":3,"minecraft:oak_planks":1,"minecraft:mossy_stone_brick_stairs":4,"minecraft:prismarine_brick_stairs":1,"minecraft:dark_oak_slab":7,"minecraft:emerald_block":1,"delightful:salmonberries":1,"minecraft:mossy_stone_brick_slab":2,"laendli_transport:shotgun":1,"forbidden_arcanus:ender_pearl_fragment":2,"minecraft:polished_diorite":1,"minecraft:painting":2,"minecraft:melon_seeds":2,"alexsmobs:maggot":2,"pfm:furniture_book":1,"minecraft:oak_sapling":23,"minecraft:stripped_dark_oak_log":8,"minecraft:coal":67,"minecraft:sunflower":3,"minecraft:ender_pearl":2}},"DataVersion":3465}