{"stats":{"minecraft:custom":{"minecraft:mob_kills":49,"minecraft:interact_with_crafting_table":89,"minecraft:open_barrel":5,"minecraft:interact_with_campfire":23,"minecraft:leave_game":12,"minecraft:time_since_death":312622,"minecraft:climb_one_cm":6248,"minecraft:sprint_one_cm":1063905,"minecraft:walk_one_cm":1365017,"minecraft:damage_blocked_by_shield":315,"minecraft:drop":76,"minecraft:talked_to_villager":7,"minecraft:play_time":463077,"minecraft:sneak_time":29870,"minecraft:deaths":2,"minecraft:walk_under_water_one_cm":45369,"minecraft:jump":8526,"minecraft:walk_on_water_one_cm":55998,"minecraft:total_world_time":463077,"minecraft:interact_with_furnace":57,"minecraft:traded_with_villager":16,"minecraft:sleep_in_bed":11,"minecraft:time_since_rest":7054,"minecraft:damage_taken":2205,"tombstone:sneak_grave":1,"minecraft:damage_dealt":5824,"minecraft:swim_one_cm":55485,"minecraft:fly_one_cm":2770350,"minecraft:open_chest":184,"minecraft:crouch_one_cm":89643,"tombstone:undead_killed":8,"minecraft:fall_one_cm":259976},"minecraft:dropped":{"minecraft:golden_boots":1,"minecraft:wheat_seeds":109,"minecraft:crafting_table":3,"minecraft:cobblestone":1,"minecraft:apple":1,"minecraft:red_mushroom":1,"minecraft:stick":18,"minecraft:oxeye_daisy":4,"minecraft:dirt":33,"minecraft:diorite":3,"minecraft:cornflower":5,"minecraft:brown_wool":2,"delightful:acorn":3,"farmersdelight:onion":1,"minecraft:oak_stairs":1,"minecraft:wooden_sword":1,"minecraft:sunflower":3,"minecraft:string":5,"minecraft:white_wool":2,"delightful:salmonberries":1,"minecraft:stone_axe":1,"minecraft:rotten_flesh":8,"minecraft:oak_planks":2,"supplementaries:flax_seeds":1,"minecraft:allium":3,"laendli_transport:shotgun":1,"minecraft:melon_seeds":2,"pfm:furniture_book":2,"minecraft:arrow":2,"minecraft:wooden_pickaxe":1,"minecraft:stone_brick_stairs":1},"minecraft:killed":{"alexsmobs:raccoon":1,"minecraft:spider":2,"plenty_of_golems:ancient_of_prismarine":1,"minecraft:skeleton":3,"alexsmobs:flying_fish":2,"minecraft:pig":3,"minecraft:zombie_villager":1,"crittersandcompanions:ferret":2,"aquaculture:tuna":1,"minecraft:creeper":1,"minecraft:sheep":17,"minecraft:zombie":4,"alexsmobs:crocodile":2,"laendli_transport:bock":1,"alexsmobs:fly":1,"minecraft:glow_squid":1,"minecraft:enderman":1,"minecraft:cow":4},"minecraft:broken":{"create_sa:copper_pickaxe":9,"create_sa:copper_shovel":1,"create_sa:copper_axe":6,"minecraft:stone_pickaxe":1,"minecraft:stone_shovel":1},"minecraft:picked_up":{"minecraft:crafting_table":4,"minecraft:wheat":53,"minecraft:allium":3,"minecraft:azure_bluet":1,"minecraft:prismarine_shard":2,"minecraft:oak_stairs":3,"vinery:cherry_log":5,"minecraft:gold_block":1,"minecraft:stone_brick_stairs":1,"minecraft:chain":2,"minecraft:cornflower":6,"forbidden_arcanus:xpetrified_orb":1,"minecraft:string":6,"create:limestone":66,"minecraft:raw_copper":309,"vinery:cherry_sapling":2,"minecraft:gold_nugget":1,"minecraft:dark_prismarine_stairs":2,"delightful:acorn":45,"minecraft:beef":10,"minecraft:poppy":2,"minecraft:cobblestone_slab":2,"minecraft:calcite":10,"vinery:cherry":1,"minecraft:iron_nugget":1,"alexsmobs:raccoon_tail":1,"delightful:green_tea_leaf":19,"minecraft:chest":4,"minecraft:egg":4,"minecraft:stick":141,"minecraft:raw_iron":57,"minecraft:oak_door":2,"minecraft:raw_gold_block":2,"minecraft:oak_fence":30,"minecraft:torch":4,"minecraft:acacia_log":9,"minecraft:porkchop":8,"minecraft:diorite":40,"minecraft:prismarine_crystals":2,"alexsmobs:crocodile_scute":2,"minecraft:dark_oak_planks":20,"minecraft:arrow":2,"minecraft:rotten_flesh":4,"farmersdelight:onion":1,"crittersandcompanions:silk":5,"create:veridium":5,"minecraft:mutton":24,"alexsmobs:flying_fish":2,"minecraft:cobblestone":514,"minecraft:white_wool":14,"minecraft:cracked_deepslate_tiles":1,"minecraft:oxeye_daisy":4,"minecraft:stripped_oak_log":6,"minecraft:magma_block":2,"travelersbackpack:iron_golem":1,"plenty_of_golems:the_ancient_anchor":1,"minecraft:cooked_beef":9,"aquaculture:tuna":1,"minecraft:andesite":321,"minecraft:brown_wool":2,"minecraft:leather":4,"minecraft:red_mushroom":1,"forbidden_arcanus:aurum_log":10,"forbidden_arcanus:aurum_planks":1,"minecraft:tuff":2,"create:raw_zinc":53,"minecraft:oak_log":628,"minecraft:prismarine_bricks":4,"supplementaries:flax_seeds":3,"minecraft:lapis_lazuli":24,"minecraft:deepslate_tile_slab":3,"minecraft:dirt":451,"forbidden_arcanus:aurum_sapling":6,"minecraft:cooked_mutton":6,"forbidden_arcanus:arcane_crystal_dust_speck":2,"minecraft:bone":10,"minecraft:apple":24,"minecraft:wheat_seeds":335,"minecraft:bamboo":15,"minecraft:polished_andesite_slab":5,"minecraft:acacia_sapling":3,"minecraft:oak_planks":11,"minecraft:mossy_stone_brick_stairs":4,"minecraft:prismarine_brick_stairs":1,"minecraft:dark_oak_slab":7,"minecraft:emerald_block":1,"minecraft:cooked_porkchop":4,"delightful:salmonberries":1,"minecraft:white_bed":1,"minecraft:mossy_stone_brick_slab":2,"laendli_transport:shotgun":1,"forbidden_arcanus:ender_pearl_fragment":2,"minecraft:polished_diorite":1,"minecraft:painting":2,"alexsmobs:maggot":2,"pfm:furniture_book":1,"minecraft:oak_sapling":236,"minecraft:melon_seeds":2,"minecraft:stripped_dark_oak_log":8,"minecraft:coal":124,"minecraft:sunflower":3,"minecraft:ender_pearl":2},"minecraft:crafted":{"minecraft:oak_door":3,"minecraft:oak_planks":536,"minecraft:cobblestone_slab":6,"minecraft:stone_shovel":1,"minecraft:barrel":2,"create_sa:copper_chestplate":1,"minecraft:furnace":3,"minecraft:stone_button":2,"minecraft:stone":10,"minecraft:cobblestone_stairs":20,"create_sa:copper_helmet":1,"minecraft:oak_trapdoor":4,"create_sa:copper_shovel":2,"minecraft:cobblestone_wall":6,"minecraft:stone_pickaxe":1,"minecraft:chest":3,"minecraft:dark_oak_planks":32,"minecraft:oak_fence":54,"create_sa:copper_pickaxe":10,"create_sa:copper_axe":7,"create_sa:copper_leggings":1,"minecraft:oak_slab":6,"minecraft:crafting_table":7,"minecraft:wooden_pickaxe":1,"minecraft:copper_ingot":280,"laendli_transport:ammunition_handguns":20,"minecraft:campfire":9,"create_sa:copper_hoe":1,"minecraft:stone_axe":1,"minecraft:air":0,"minecraft:bread":22,"create_sa:copper_boots":1,"minecraft:oak_fence_gate":5,"minecraft:raw_gold":18,"minecraft:stick":80,"minecraft:iron_ingot":65,"minecraft:oak_stairs":24,"minecraft:iron_block":1,"minecraft:gold_ingot":18,"laendli_transport:ammunition_shotgun":72,"minecraft:white_bed":1,"forbidden_arcanus:aurum_planks":4,"minecraft:acacia_planks":36,"laendli_transport:shotgun":1,"minecraft:torch":52,"laendli_transport:pistol":1,"create:zinc_ingot":39},"minecraft:used":{"minecraft:oak_trapdoor":4,"minecraft:oak_fence":55,"plenty_of_golems:the_ancient_anchor":20,"minecraft:stone_shovel":141,"minecraft:poppy":2,"minecraft:chest":6,"minecraft:shield":11,"minecraft:iron_sword":97,"create_sa:copper_pickaxe":1188,"minecraft:rotten_flesh":1,"minecraft:oak_door":4,"minecraft:torch":53,"minecraft:dirt":70,"minecraft:mutton":18,"minecraft:prismarine_bricks":1,"minecraft:cobblestone_wall":2,"minecraft:prismarine_brick_stairs":1,"minecraft:tuff":2,"minecraft:oak_fence_gate":3,"minecraft:polished_diorite":1,"minecraft:dark_oak_planks":20,"minecraft:oak_stairs":24,"minecraft:barrel":2,"create_sa:copper_hoe":74,"minecraft:bamboo":15,"minecraft:magma_block":1,"minecraft:beef":1,"minecraft:oak_sapling":150,"minecraft:furnace":3,"tombstone:gift":4,"minecraft:cooked_beef":9,"minecraft:egg":4,"minecraft:potato":2,"minecraft:dark_prismarine_stairs":2,"minecraft:wheat_seeds":123,"minecraft:cooked_mutton":6,"minecraft:water_bucket":22,"minecraft:diorite":11,"minecraft:cobblestone_stairs":20,"minecraft:stone_pickaxe":136,"minecraft:oak_planks":314,"minecraft:wooden_pickaxe":6,"travelersbackpack:iron_golem":2,"minecraft:cobblestone_slab":4,"aquaculture:tuna":1,"create_sa:copper_axe":1029,"minecraft:oak_slab":2,"minecraft:crafting_table":8,"minecraft:white_bed":2,"minecraft:campfire":9,"minecraft:oak_log":434,"alexsmobs:flying_fish":2,"minecraft:apple":18,"minecraft:bread":32,"minecraft:stone_button":2,"minecraft:polished_andesite_slab":1,"minecraft:stone_axe":143,"minecraft:wooden_sword":11,"minecraft:cobblestone":423,"create_sa:copper_shovel":211,"minecraft:cooked_porkchop":4,"minecraft:andesite":1,"minecraft:bucket":27,"alexsmobs:animal_dictionary":2,"delightful:acorn":34,"minecraft:stripped_oak_log":2,"forbidden_arcanus:aurum_planks":1},"minecraft:mined":{"minecraft:dark_oak_planks":20,"create:zinc_ore":53,"minecraft:dark_prismarine_stairs":2,"minecraft:tuff":2,"minecraft:white_bed":1,"minecraft:oak_sapling":1,"minecraft:oak_door":2,"minecraft:mossy_stone_brick_slab":2,"travelersbackpack:iron_golem":1,"minecraft:acacia_log":9,"minecraft:grass_block":302,"minecraft:polished_andesite_slab":5,"minecraft:polished_diorite":1,"minecraft:kelp":1,"minecraft:oxeye_daisy":1,"minecraft:magma_block":2,"forbidden_arcanus:aurum_planks":1,"minecraft:raw_gold_block":2,"minecraft:iron_ore":56,"minecraft:fire":2,"minecraft:andesite":322,"minecraft:gold_block":1,"minecraft:mossy_stone_brick_stairs":4,"minecraft:cobblestone_slab":2,"minecraft:vine":10,"minecraft:oak_stairs":3,"crittersandcompanions:silk_cocoon":2,"minecraft:stripped_oak_log":6,"minecraft:bamboo":5,"minecraft:stone":483,"create:veridium":5,"create:limestone":66,"minecraft:hanging_roots":1,"minecraft:kelp_plant":1,"minecraft:deepslate_tile_slab":3,"minecraft:stripped_dark_oak_log":9,"minecraft:oak_fence":30,"minecraft:cornflower":1,"minecraft:crafting_table":3,"minecraft:poppy":2,"minecraft:calcite":10,"vinery:cherry_log":5,"minecraft:chest":4,"minecraft:dead_bush":1,"minecraft:copper_ore":87,"minecraft:tall_grass":76,"minecraft:cobblestone":32,"minecraft:lapis_ore":4,"minecraft:oak_planks":10,"delightful:wild_salmonberries":1,"minecraft:wall_torch":1,"minecraft:diorite":37,"supplementaries:urn":2,"minecraft:prismarine_bricks":7,"minecraft:chain":2,"minecraft:dark_oak_slab":7,"forbidden_arcanus:aurum_log":10,"forbidden_arcanus:xpetrified_ore":1,"minecraft:wheat":53,"minecraft:stone_brick_stairs":1,"minecraft:prismarine_brick_stairs":1,"minecraft:grass":798,"minecraft:cracked_deepslate_tiles":1,"minecraft:oak_log":633,"minecraft:coal_ore":121,"minecraft:sunflower":2,"minecraft:dirt":83,"minecraft:cobweb":2,"minecraft:emerald_block":1,"minecraft:oak_leaves":18,"minecraft:fern":2}},"DataVersion":3465}