{"stats":{"minecraft:killed":{"minecraft:skeleton":1,"alexsmobs:fly":1,"minecraft:drowned":2},"minecraft:dropped":{"minecraft:kelp":1,"alexsmobs:maggot":3},"minecraft:mined":{"minecraft:vine":5,"minecraft:kelp_plant":1,"minecraft:cobweb":1,"minecraft:sea_lantern":1},"minecraft:custom":{"minecraft:open_chest":3,"minecraft:time_since_rest":24437,"minecraft:damage_taken":89,"minecraft:damage_blocked_by_shield":105,"minecraft:play_time":24437,"minecraft:crouch_one_cm":973,"minecraft:walk_one_cm":54434,"minecraft:sneak_time":1399,"minecraft:sprint_one_cm":52664,"tombstone:undead_killed":3,"minecraft:walk_under_water_one_cm":27617,"minecraft:mob_kills":4,"minecraft:drop":4,"minecraft:jump":314,"minecraft:damage_dealt":586,"minecraft:leave_game":5,"minecraft:time_since_death":24437,"minecraft:walk_on_water_one_cm":4846,"minecraft:total_world_time":24437,"minecraft:climb_one_cm":671,"minecraft:swim_one_cm":12740,"minecraft:fall_one_cm":5227,"minecraft:fly_one_cm":238747},"minecraft:used":{"minecraft:wooden_sword":23,"minecraft:bread":2,"alexsmobs:animal_dictionary":3,"minecraft:shield":3},"minecraft:picked_up":{"minecraft:arrow":3,"minecraft:bone":4,"minecraft:kelp":1,"minecraft:chainmail_chestplate":1,"tombstone:grave_dust":2,"alexsmobs:maggot":3,"minecraft:prismarine_crystals":3,"crittersandcompanions:clam":2,"minecraft:string":1}},"DataVersion":3465}