{"stats":{"minecraft:killed":{"alexsmobs:raccoon":1,"aquaculture:tuna":1,"minecraft:sheep":12,"minecraft:zombie":1,"laendli_transport:bock":1,"alexsmobs:fly":1,"minecraft:cow":4},"minecraft:used":{"minecraft:stone_shovel":141,"minecraft:chest":3,"minecraft:shield":3,"minecraft:iron_sword":36,"create_sa:copper_pickaxe":6,"minecraft:torch":5,"minecraft:dirt":11,"minecraft:mutton":13,"minecraft:polished_diorite":1,"minecraft:beef":1,"minecraft:oak_sapling":8,"minecraft:furnace":1,"tombstone:gift":2,"minecraft:cooked_beef":3,"minecraft:dark_prismarine_stairs":2,"minecraft:cooked_mutton":2,"minecraft:water_bucket":22,"minecraft:stone_pickaxe":136,"minecraft:wooden_pickaxe":6,"travelersbackpack:iron_golem":2,"aquaculture:tuna":1,"minecraft:crafting_table":6,"minecraft:campfire":1,"minecraft:white_bed":1,"minecraft:apple":3,"minecraft:bread":12,"minecraft:polished_andesite_slab":1,"minecraft:stone_axe":122,"minecraft:wooden_sword":11,"minecraft:cobblestone":4,"minecraft:bucket":27,"alexsmobs:animal_dictionary":2,"forbidden_arcanus:aurum_planks":1,"delightful:acorn":3},"minecraft:mined":{"minecraft:dark_prismarine_stairs":2,"minecraft:mossy_stone_brick_slab":2,"minecraft:acacia_log":9,"minecraft:grass_block":135,"minecraft:polished_andesite_slab":5,"minecraft:polished_diorite":1,"minecraft:kelp":1,"minecraft:oxeye_daisy":1,"forbidden_arcanus:aurum_planks":1,"minecraft:raw_gold_block":2,"minecraft:iron_ore":4,"minecraft:fire":2,"minecraft:gold_block":1,"minecraft:mossy_stone_brick_stairs":4,"minecraft:vine":1,"crittersandcompanions:silk_cocoon":1,"minecraft:bamboo":1,"minecraft:stone":49,"minecraft:hanging_roots":1,"minecraft:kelp_plant":1,"minecraft:stripped_dark_oak_log":9,"minecraft:deepslate_tile_slab":3,"minecraft:crafting_table":2,"minecraft:cornflower":1,"vinery:cherry_log":5,"minecraft:chest":3,"minecraft:dead_bush":1,"minecraft:copper_ore":19,"minecraft:tall_grass":27,"minecraft:cobblestone":10,"delightful:wild_salmonberries":1,"minecraft:prismarine_bricks":2,"minecraft:chain":2,"minecraft:dark_oak_slab":7,"forbidden_arcanus:aurum_log":10,"minecraft:grass":202,"minecraft:cracked_deepslate_tiles":1,"minecraft:coal_ore":33,"minecraft:oak_log":63,"minecraft:dirt":16,"minecraft:cobweb":1,"minecraft:emerald_block":1,"minecraft:oak_leaves":1,"minecraft:fern":2},"minecraft:broken":{"minecraft:stone_pickaxe":1,"minecraft:stone_shovel":1},"minecraft:dropped":{"minecraft:golden_boots":1,"minecraft:wheat_seeds":1,"minecraft:crafting_table":3,"minecraft:apple":1,"minecraft:brown_wool":2,"delightful:acorn":3,"minecraft:wooden_sword":1,"delightful:salmonberries":1,"minecraft:rotten_flesh":1,"supplementaries:flax_seeds":1,"pfm:furniture_book":2,"minecraft:arrow":2,"minecraft:wooden_pickaxe":1},"minecraft:crafted":{"minecraft:oak_planks":36,"minecraft:stone_shovel":1,"create_sa:copper_chestplate":1,"minecraft:furnace":1,"create_sa:copper_helmet":1,"minecraft:stone_pickaxe":1,"minecraft:chest":2,"create_sa:copper_pickaxe":1,"create_sa:copper_leggings":1,"minecraft:crafting_table":6,"minecraft:wooden_pickaxe":1,"minecraft:copper_ingot":62,"minecraft:campfire":1,"minecraft:stone_axe":1,"minecraft:air":0,"create_sa:copper_boots":1,"minecraft:raw_gold":18,"minecraft:stick":12,"minecraft:iron_ingot":4,"minecraft:white_bed":1,"forbidden_arcanus:aurum_planks":4,"minecraft:acacia_planks":36,"minecraft:torch":24},"minecraft:picked_up":{"minecraft:crafting_table":3,"vinery:cherry_log":5,"minecraft:gold_block":1,"minecraft:chain":2,"minecraft:cornflower":6,"minecraft:string":1,"minecraft:raw_copper":62,"vinery:cherry_sapling":2,"minecraft:gold_nugget":1,"delightful:acorn":6,"minecraft:dark_prismarine_stairs":2,"minecraft:beef":10,"vinery:cherry":1,"minecraft:iron_nugget":1,"alexsmobs:raccoon_tail":1,"delightful:green_tea_leaf":2,"minecraft:chest":3,"minecraft:stick":14,"minecraft:raw_iron":4,"minecraft:raw_gold_block":2,"minecraft:acacia_log":9,"minecraft:arrow":2,"minecraft:rotten_flesh":1,"crittersandcompanions:silk":5,"minecraft:mutton":19,"minecraft:white_wool":10,"minecraft:cobblestone":56,"minecraft:oxeye_daisy":4,"minecraft:cracked_deepslate_tiles":1,"minecraft:cooked_beef":9,"aquaculture:tuna":1,"minecraft:leather":4,"minecraft:brown_wool":2,"minecraft:red_mushroom":1,"forbidden_arcanus:aurum_log":10,"forbidden_arcanus:aurum_planks":1,"minecraft:prismarine_bricks":2,"minecraft:oak_log":64,"supplementaries:flax_seeds":1,"minecraft:dirt":187,"minecraft:deepslate_tile_slab":3,"forbidden_arcanus:aurum_sapling":6,"minecraft:cooked_mutton":2,"forbidden_arcanus:arcane_crystal_dust_speck":1,"minecraft:bone":2,"minecraft:apple":3,"minecraft:wheat_seeds":102,"minecraft:bamboo":8,"minecraft:polished_andesite_slab":5,"minecraft:mossy_stone_brick_stairs":4,"minecraft:acacia_sapling":3,"minecraft:dark_oak_slab":7,"minecraft:emerald_block":1,"delightful:salmonberries":1,"minecraft:mossy_stone_brick_slab":2,"minecraft:polished_diorite":1,"minecraft:painting":2,"alexsmobs:maggot":2,"pfm:furniture_book":1,"minecraft:oak_sapling":21,"minecraft:stripped_dark_oak_log":8,"minecraft:coal":36,"minecraft:ender_pearl":1},"minecraft:custom":{"minecraft:mob_kills":21,"minecraft:interact_with_crafting_table":13,"minecraft:open_barrel":4,"minecraft:interact_with_campfire":11,"minecraft:leave_game":7,"minecraft:time_since_death":9446,"minecraft:climb_one_cm":1511,"minecraft:sprint_one_cm":322590,"minecraft:walk_one_cm":346379,"minecraft:damage_blocked_by_shield":90,"minecraft:drop":19,"minecraft:talked_to_villager":1,"minecraft:play_time":140235,"minecraft:deaths":1,"minecraft:sneak_time":6081,"minecraft:walk_under_water_one_cm":7049,"minecraft:jump":2477,"minecraft:walk_on_water_one_cm":21909,"minecraft:total_world_time":140235,"minecraft:interact_with_furnace":7,"minecraft:sleep_in_bed":7,"minecraft:time_since_rest":8086,"minecraft:damage_taken":885,"minecraft:damage_dealt":1937,"minecraft:swim_one_cm":29970,"minecraft:fly_one_cm":1269197,"minecraft:open_chest":35,"minecraft:crouch_one_cm":14237,"tombstone:undead_killed":1,"minecraft:fall_one_cm":72693}},"DataVersion":3465}