{"stats":{"minecraft:picked_up":{"minecraft:crafting_table":4,"minecraft:stick":6,"minecraft:raw_iron":6,"minecraft:andesite":14,"minecraft:leather":7,"minecraft:acacia_log":12,"minecraft:porkchop":8,"minecraft:diorite":1,"minecraft:dirt":9,"minecraft:string":1,"minecraft:raw_copper":5,"minecraft:cobbled_deepslate":5,"delightful:acorn":1,"minecraft:beef":13,"delightful:green_tea_leaf":3,"minecraft:acacia_sapling":2,"minecraft:cobblestone":168,"minecraft:furnace":3},"minecraft:crafted":{"minecraft:cooked_porkchop":1,"minecraft:crafting_table":1,"minecraft:stick":4,"minecraft:wooden_pickaxe":1,"minecraft:stone_pickaxe":3,"minecraft:wooden_axe":1,"minecraft:furnace":2,"minecraft:acacia_planks":16,"minecraft:air":0},"minecraft:custom":{"minecraft:time_since_rest":29928,"minecraft:interact_with_furnace":4,"minecraft:sprint_one_cm":66506,"minecraft:damage_taken":212,"minecraft:walk_one_cm":64265,"minecraft:mob_kills":14,"minecraft:drop":3,"minecraft:damage_dealt":1081,"minecraft:swim_one_cm":5380,"minecraft:interact_with_crafting_table":8,"minecraft:fly_one_cm":159868,"minecraft:crouch_one_cm":2146,"minecraft:play_time":29928,"minecraft:sneak_time":277,"minecraft:walk_under_water_one_cm":598,"minecraft:jump":692,"minecraft:leave_game":3,"minecraft:time_since_death":29928,"minecraft:walk_on_water_one_cm":544,"minecraft:total_world_time":29928,"minecraft:climb_one_cm":236,"minecraft:fall_one_cm":20496},"minecraft:dropped":{"alexsmobs:animal_dictionary":1,"minecraft:crafting_table":1,"pfm:furniture_book":1},"minecraft:mined":{"minecraft:acacia_leaves":1,"minecraft:furnace":3,"minecraft:iron_ore":6,"minecraft:andesite":14,"minecraft:crafting_table":3,"minecraft:grass":3,"minecraft:acacia_log":12,"minecraft:grass_block":2,"minecraft:dirt":7,"minecraft:copper_ore":1,"minecraft:stone":161,"minecraft:diorite":1,"minecraft:deepslate":5},"minecraft:broken":{"minecraft:stone_pickaxe":1,"minecraft:wooden_pickaxe":1},"minecraft:killed":{"minecraft:pig":4,"minecraft:cow":6},"minecraft:used":{"minecraft:wooden_axe":3,"minecraft:stone_pickaxe":133,"minecraft:bread":7,"minecraft:wooden_pickaxe":59,"minecraft:wooden_sword":29,"minecraft:crafting_table":3,"minecraft:furnace":4}},"DataVersion":3465}