{"stats":{"minecraft:picked_up":{"minecraft:stick":5,"minecraft:crafting_table":2,"minecraft:acacia_log":6,"minecraft:oak_log":6,"alexsmobs:gazelle_horn":1,"minecraft:bone":1,"minecraft:arrow":1,"minecraft:wheat_seeds":4,"minecraft:beef":1,"minecraft:oak_sapling":3,"delightful:green_tea_leaf":1,"minecraft:mutton":1,"minecraft:coal":13,"minecraft:cobblestone":85},"minecraft:crafted":{"minecraft:crafting_table":1,"minecraft:stick":8,"minecraft:wooden_pickaxe":1,"minecraft:stone_pickaxe":1,"minecraft:wooden_axe":1,"minecraft:stone_sword":1,"minecraft:acacia_planks":24},"minecraft:custom":{"minecraft:time_since_rest":17569,"minecraft:sprint_one_cm":25334,"minecraft:damage_taken":380,"minecraft:walk_one_cm":41258,"minecraft:mob_kills":6,"minecraft:damage_dealt":837,"minecraft:swim_one_cm":3512,"minecraft:interact_with_crafting_table":3,"minecraft:fly_one_cm":9529,"minecraft:crouch_one_cm":235,"minecraft:play_time":17569,"tombstone:undead_killed":2,"minecraft:sneak_time":131,"minecraft:walk_under_water_one_cm":1381,"minecraft:jump":132,"minecraft:leave_game":1,"minecraft:walk_on_water_one_cm":14017,"minecraft:time_since_death":17569,"minecraft:total_world_time":17569,"minecraft:fall_one_cm":1641},"minecraft:mined":{"minecraft:acacia_leaves":2,"minecraft:crafting_table":2,"minecraft:grass":39,"minecraft:acacia_log":7,"minecraft:oak_log":6,"minecraft:coal_ore":14,"minecraft:stone":87},"minecraft:killed":{"minecraft:skeleton":1,"minecraft:zombie":1,"laendli_transport:bock":2,"alexsmobs:gazelle":1,"minecraft:spider":1},"minecraft:used":{"minecraft:wooden_axe":9,"minecraft:stone_sword":9,"minecraft:bread":7,"minecraft:stone_pickaxe":97,"minecraft:wooden_pickaxe":4,"minecraft:wooden_sword":38,"minecraft:crafting_table":3,"alexsmobs:animal_dictionary":1}},"DataVersion":3465}