{"stats":{"minecraft:picked_up":{"minecraft:crafting_table":6,"minecraft:leather":6,"minecraft:wooden_pickaxe":1,"minecraft:smoker":1,"minecraft:potato":1,"minecraft:oak_log":26,"supplementaries:flax_seeds":1,"aether:leather_gloves":1,"paraglider:goddess_statue":1,"forbidden_arcanus:xpetrified_orb":1,"minecraft:dirt":2,"minecraft:string":2,"minecraft:bone":6,"minecraft:apple":1,"delightful:acorn":2,"minecraft:beef":15,"minecraft:iron_ingot":3,"minecraft:furnace":2,"minecraft:stick":3,"minecraft:raw_iron":8,"minecraft:torch":1,"minecraft:gravel":1,"minecraft:porkchop":1,"minecraft:diorite":7,"minecraft:rotten_flesh":6,"supplementaries:ash":7,"pfm:furniture_book":1,"minecraft:oak_sapling":1,"minecraft:mutton":10,"minecraft:coal":70,"minecraft:cobblestone":49,"minecraft:white_wool":8},"minecraft:crafted":{"minecraft:cooked_beef":12,"minecraft:oak_planks":24,"minecraft:cooked_porkchop":2,"minecraft:crafting_table":1,"minecraft:wooden_pickaxe":1,"minecraft:air":0,"minecraft:oak_boat":1,"minecraft:stick":12,"minecraft:iron_ingot":3,"minecraft:iron_pickaxe":1,"minecraft:stone_pickaxe":1,"minecraft:wooden_axe":1,"minecraft:stone_sword":1,"minecraft:torch":20,"minecraft:smoker":1},"minecraft:custom":{"minecraft:interact_with_furnace":5,"minecraft:mob_kills":22,"minecraft:interact_with_crafting_table":14,"minecraft:leave_game":1,"minecraft:time_since_death":25360,"minecraft:climb_one_cm":173,"minecraft:time_since_rest":25360,"minecraft:sprint_one_cm":85648,"minecraft:damage_taken":202,"minecraft:walk_one_cm":74146,"minecraft:damage_blocked_by_shield":185,"minecraft:drop":5,"minecraft:damage_dealt":2716,"minecraft:fly_one_cm":110953,"minecraft:open_chest":4,"minecraft:crouch_one_cm":2588,"minecraft:play_time":25360,"tombstone:undead_killed":4,"minecraft:sneak_time":1239,"minecraft:boat_one_cm":12840,"minecraft:jump":550,"minecraft:interact_with_smoker":5,"minecraft:total_world_time":25360,"minecraft:fall_one_cm":15146},"minecraft:dropped":{"aether:leather_gloves":1,"supplementaries:ash":7,"minecraft:diorite":7,"minecraft:wooden_pickaxe":2},"minecraft:mined":{"minecraft:smoker":1,"minecraft:dandelion":1,"minecraft:crafting_table":6,"minecraft:grass_block":1,"minecraft:tall_grass":1,"minecraft:cobblestone":3,"minecraft:diorite":7,"minecraft:wall_torch":1,"supplementaries:urn":3,"minecraft:furnace":2,"forbidden_arcanus:xpetrified_ore":1,"minecraft:iron_ore":8,"minecraft:grass":5,"minecraft:oak_log":28,"minecraft:coal_ore":28,"minecraft:gravel":1,"minecraft:dirt":1,"minecraft:stone":46,"paraglider:goddess_statue":1},"minecraft:killed":{"minecraft:pig":1,"minecraft:spider":1,"minecraft:sheep":8,"royalvariations:royal_zombie":1,"minecraft:zombie":3,"minecraft:cow":8},"minecraft:used":{"minecraft:stone_sword":32,"minecraft:stone_pickaxe":59,"minecraft:wooden_pickaxe":31,"minecraft:shield":5,"minecraft:torch":1,"minecraft:crafting_table":6,"minecraft:smoker":1,"minecraft:wooden_axe":35,"minecraft:iron_pickaxe":16,"minecraft:wooden_sword":37,"minecraft:cobblestone":18,"minecraft:furnace":1,"minecraft:cooked_porkchop":2,"minecraft:oak_boat":1,"alexsmobs:animal_dictionary":1,"minecraft:cooked_beef":2}},"DataVersion":3465}